Data Instance ID,True Label,Predicted Label
3358,0.006931319723046355,0.01361983899330936
3359,0.027035789317799305,0.017219727369306534
3360,0.002669982583383932,0.0027897298005697124
3361,9.920144975385128e-07,-0.008385263813263086
3362,0.0014284451096756303,0.000674531330668332
3363,0.5520025432144218,0.4672541860031836
3364,2.3404883216159322e-05,-0.010413751475193925
3365,0.054470549619477324,0.05108411040027057
3366,0.011487851659697281,0.02049963508247886
3367,0.004320852425943452,0.0007404434504435092
3368,0.012744260251715463,0.02244317369857679
3369,0.00471595144440441,-0.00021412225253766848
3370,0.005951844616877707,0.036623995215818536
3371,0.010508896583920506,0.006055091332418036
3372,0.0244177379454387,0.07443727306874613
3373,0.0009049407024723094,0.0018163025440728203
3374,0.006127839197243387,0.005481235945608454
3375,0.006534888436904629,-0.008264776117418438
3376,0.029396746598132434,0.03812787724215695
3377,0.040389212164132195,0.050346685436260155
3378,0.04110444124385958,0.060477668529332104
3379,0.16231378915064534,0.20603746823121727
3380,0.045205918876565,0.04056978348274751
3381,0.00030465109194971815,0.008710789560788301
3382,0.050983165977757844,0.04738042864309933
3383,0.00761623973026952,0.025819925005063304
3384,0.05011383749971281,0.05128477427741841
3385,0.11769347977957724,0.12809097507633313
3386,0.002258807636010081,0.0036452986859423775
3387,1.9679745043205305e-05,-0.008049317247471183
3388,0.0003205790906901625,0.009609124903959335
3389,0.00019674740508946305,-0.003634608657657745
3390,7.86006911812448e-05,-0.005116218446449619
3391,6.21707914223459e-05,0.002959341706164728
3392,0.015054022800970488,0.08897762399592647
3393,0.005021258295781207,0.015136544526979503
3394,0.022425847833462274,0.021020606714585124
3395,8.175389242930987e-05,0.0028122494281196675
3396,0.0005684971003151533,0.01592947070733937
3397,0.0719961396274549,0.06841993795019052
3398,0.018259018290230043,0.01820005889207811
3399,0.011231281044710606,0.0128830964858348
3400,0.0004786619190522371,0.0020201594790169586
3401,0.0029844482839185317,-0.007995593636539955
3402,0.0632059470042534,0.059126957466325465
3403,4.5758124908140497e-05,0.0438095589846675
3404,0.28346608247169347,0.30719417606293364
3405,0.02112400620446385,0.00826854004442909
3406,0.012312643987748909,0.0064287890056394376
3407,0.0007968788144257677,0.011888516192588447
3408,0.03692966303884491,0.0440479479757703
3409,0.06222925982347829,0.049519579847661435
3410,0.003707267298206821,0.029803098116305028
3411,0.0010957872377797707,0.0092434425700611
3412,0.20577684202343635,0.17726350080068487
3413,0.00018209184020421022,0.004186989802551083
3414,0.0014230652353472034,0.005841238254624029
3415,5.632493015740576e-05,-0.004059548804033239
3416,0.002596725025253427,-0.001501073796462915
3417,0.009564117376092285,0.043977337653908224
3418,0.0016632393141367081,-0.008391215463587356
3419,0.10898776155774537,0.14803170713915842
3420,0.010791647668513682,-0.0011434056614352123
3421,0.11823815922599934,0.05971340787096134
3422,0.04744490021601901,0.07419674113425133
3423,0.15678800121513012,0.199291140021443
3424,0.012183246101978157,0.022256840697156277
3425,0.8362575779662448,0.8779575793794732
3426,0.019883075478834722,0.014353715434101758
3427,0.009634813729396436,0.02328372756901162
3428,0.00024032014777152728,-0.002436315035385564
3429,0.00015002194369018518,0.009837223894178362
3430,0.13545675745379993,0.12835248085048986
3431,0.0016801143141395517,0.016567259161492112
3432,0.004979711286546377,0.0174909392709333
3433,0.012819865115639184,0.0022915187128299125
3434,0.0044384943436481085,0.0039363017699292485
3435,0.0007414520120488102,0.011428486329579615
3436,0.0020518816562078083,0.03627317858393948
3437,0.0003981676389440669,0.030486871107917216
3438,3.5480079906960097e-05,0.003939114422462961
3439,0.19411714651375728,0.09645123867570592
3440,0.006083409548702182,0.00014437292469796081
3441,0.1598178932206406,0.1778281544696037
3442,0.07387915582089481,0.08438381316483663
3443,0.005449038922009832,0.008917219285331623
3444,3.8952716578664464e-05,0.0018441784583473342
3445,0.0033053934087259856,0.0029088006879683936
3446,0.004302392105294761,0.039823433226849794
3447,0.000675666650951464,-0.013878399248405879
3448,0.012776921317455454,0.05875290504401616
3449,0.26663615877766494,0.3080158808858894
3450,0.0011335620276171426,-0.004073328452775193
3451,0.004991915318974508,0.00252556527049079
3452,0.00019120009255559365,0.006431807642355555
3453,0.009443321154211903,0.0037809867193279584
3454,0.002868989060053781,0.008528695040950302
3455,0.00019272351138650194,0.008704458868492831
3456,0.4863366064348123,0.3637274884231407
3457,3.692656953355645e-05,0.011011674582126638
3458,0.03168613648804162,0.017925607326942067
3459,0.005453925236210235,0.0008492033998729887
3460,0.0006399150440411126,-0.020435812642302778
3461,8.83741467777986e-06,-0.0029741167500439564
3462,0.006398473104961692,0.00972192402789411
3463,0.006949467432636304,0.004902161756446977
3464,0.28028444767961064,0.23940556242751498
3465,0.00011094893906355985,0.010379668155923324
3466,0.0004822363697335908,-0.004248098813716683
3467,0.0747310266774004,0.054155889262064966
3468,0.4694921233374041,0.4266345248070267
3469,0.06420185855881393,0.04975691852311322
3470,0.001227341209260621,0.0007553441455959153
3471,0.025106387502545464,0.014799339538468861
3472,0.378956536135717,0.3430813434527373
3473,0.04853143802670687,0.04726890289316987
3474,0.0002032831476059747,-0.0019044346123913841
3475,0.00013560178492744602,-0.0010044935777939606
3476,6.841046679502264e-06,-0.0037250395806003866
3477,0.030306345791310297,0.011794314648154974
3478,0.01572890609755116,0.025013703602764628
3479,0.005136113046355087,0.0005441219095881217
3480,0.0015217159795336281,0.0024010636018950565
3481,0.054062542969673895,0.04879956513764262
3482,0.053743698370595644,0.003312200378064137
3483,0.00014145136857324,-0.00029583327605330056
3484,0.0007129584963395444,0.00200360900880496
3485,0.06911447572272796,0.09219391408251994
3486,0.0016385819876292018,0.0008523845690490417
3487,4.6372869212848205e-05,-0.016886347355600698
3488,0.02084107375720352,0.01430213452793562
3489,0.04200858983747279,0.011932648837227389
3490,0.033174795933336026,0.08630396534872299
3491,0.006351692566112372,0.014609068263884306
3492,3.014887226154762e-05,0.00041268111644729433
3493,1.606614042990784e-05,0.00018991197579511232
3494,0.005612724760752624,0.004644570757857333
3495,0.003305187988449238,0.006121758998132207
3496,0.00730439561985068,0.0667450315755239
3497,0.0021883916331306035,0.0010903051077622572
3498,0.010220648301069028,0.02804778761911675
3499,0.3954197619568022,0.378763711316277
3500,0.00015743003305308343,-0.003249885860400925
3501,0.00022799658555820327,0.0014057026101905595
3502,1.1730669662887667e-05,0.007247963537192828
3503,0.0071486857403499264,0.004279389263048217
3504,0.4447835335794386,0.405037695044279
3505,0.02959182093089407,0.013687539849787808
3506,0.04487729799563807,0.042787656070233424
3507,0.0001480627995004456,-0.001346202111417158
3508,0.0363295290100554,0.0352412892125105
3509,0.0010779242903251362,0.005848716383688349
3510,0.0008549650511238313,0.003430626961385061
3511,0.0020879006541428243,0.03334461486170688
3512,0.0001688079037306051,0.009594765936806207
3513,0.016493334850084963,0.025384793009956066
3514,0.05299595877475391,0.04356432793344912
3515,0.0006258051526158357,-0.006794725130671683
3516,0.1915711815971508,0.2118027840447304
3517,0.2727800188263713,0.19229876236994448
3518,0.03355441805046964,0.06933917458582241
3519,0.0008411219303264104,0.040947128983621114
3520,0.046888698691127786,0.07685844047815583
3521,0.013475032477362796,0.03309220690866775
3522,0.2932195443334857,0.2833548089581247
3523,0.002099540056541815,0.00021918418139649232
3524,0.0337117857681099,0.01316763338738658
3525,0.0077625398445697325,0.020997333410890662
3526,0.021348016189060615,0.025387545557327154
3527,0.024822646609310075,0.021198699804888338
3528,3.0547029146946986e-05,-0.009936481079552792
3529,0.0031790828932085676,0.026091817250211133
3530,0.0014572762591149317,0.007096106619601195
3531,0.008321243636590448,-0.006890540206166806
3532,0.016820722175356732,0.01925808454967061
3533,0.004530318861745466,0.011484122140064376
3534,0.00010548282957868638,-0.003941567375155983
3535,0.0010589325653430754,-0.003368801471004046
3536,0.00011745607439388022,0.028564782238482467
3537,0.033779648010924736,0.040942137135258225
3538,0.0077366343486155635,0.009214421657338906
3539,0.008475812330627594,-0.0060302912749657656
3540,0.00905577560476608,0.029906416739804806
3541,0.16351154391181827,0.10392469543487243
3542,1.698508596994577e-07,0.005009035280985202
3543,0.005168350932538385,-0.0019566344043393386
3544,0.0007838665428215114,-0.007055688272145019
3545,0.00013776710765669902,-0.00022440533573162003
3546,0.0018126725701881625,0.006102899182003449
3547,0.21418119436122093,0.17097879075996533
3548,0.0028211324774057986,-0.006399827388073695
3549,0.00033088891379455787,-0.006514275890852267
3550,0.026370201081942497,0.047687180469171225
3551,0.007020071002151026,0.032677043707237216
3552,0.027606295194048922,0.013656478243915957
3553,0.0031235227055176826,0.004324014415409014
3554,2.4981311507744915e-07,-0.0074762221256368805
3555,0.0016216597685358978,0.0033258320223634313
3556,0.5736466892763279,0.497078196097992
3557,2.0241686686172017e-05,-0.010070321138959532
3558,0.058019553829582564,0.06328019060938948
3559,0.011381306986513557,0.02821150472777044
3560,0.003840211923601462,0.0029211773465334795
3561,0.012496478522589506,0.028397522044378357
3562,0.004808080025871142,0.008294092492891689
3563,0.006775923075001148,0.03850841620160196
3564,0.011270011797097615,0.006667296537077497
3565,0.029837629729234535,0.07384078139523578
3566,0.0009037539523097342,-0.0020715147619417146
3567,0.00561681476118223,0.007973709592583242
3568,0.006033420041824972,-0.008000390652280157
3569,0.031670434313739636,0.0230399165678256
3570,0.045365374849864255,0.054906100200224
3571,0.038919857468476454,0.05499698269709703
3572,0.1792248447548356,0.23358214075924388
3573,0.04943273217460202,0.0419250196782744
3574,0.00021060327848795718,0.008642940206340516
3575,0.04925901831077206,0.040268425535760474
3576,0.007902307663002373,0.024729713238633294
3577,0.054063654996487485,0.05606448298017881
3578,0.1393209729435382,0.1318272127945976
3579,0.0025963490647871942,0.0028802469331845465
3580,3.3659146339662655e-05,-0.008634362884701846
3581,0.0002783462672495099,0.005555848232507238
3582,0.00018049535241580137,-0.01191815059911959
3583,9.39603375116966e-05,-0.005171814547631812
3584,6.18718290934025e-05,0.005250452531595243
3585,0.014595149541067918,0.07907363123660567
3586,0.005371306924227098,0.011964831731782866
3587,0.02363792383457336,0.017564685293625718
3588,0.0001514291415188803,0.003458878016715336
3589,0.00040159953622531577,0.018041293514427945
3590,0.0761330920322279,0.06777838490543905
3591,0.018500911281778255,0.023750820128259922
3592,0.01305267432604348,0.01607013775630796
3593,0.00040239295481100593,0.0034795847595196078
3594,0.001830809457300445,-0.005934186650750087
3595,0.06750851743916424,0.05562328428779027
3596,0.00035345826037499605,0.10729332139324683
3597,0.29744395931532525,0.3719262724332474
3598,0.014429413084072551,0.003762992187646294
3599,0.012819347635767525,-0.009156627366388406
3600,0.0006482828183345042,0.0017328811570565955
3601,0.0377114076177808,0.04281568109952115
3602,0.06550976022384232,0.05019210238577426
3603,0.003314432521299658,0.05990419815467617
3604,0.001342045754873753,0.009346742161273
3605,0.20949800048872677,0.207563666178042
3606,0.00016067498409589684,0.005312712890168422
3607,0.001630537715805197,0.007163290894241406
3608,4.329411558185922e-05,-0.0033335357501268897
3609,0.001970104809096566,-0.0009613733245849715
3610,0.012903807147613718,0.04642932464935379
3611,0.0013334304422535834,-0.007839805912188871
3612,0.11356534238626392,0.13647718114377377
3613,0.011187279401034608,-0.003001891338818466
3614,0.12339289748068837,0.0708954031846414
3615,0.10548359259782844,0.08100611063270864
3616,0.16614702705585127,0.2141853551163843
3617,0.009436508921517527,0.023186133816545454
3618,0.8439137313388171,0.8990651904743923
3619,0.014843241055000483,0.023768566531552057
3620,0.009433890778050708,0.026063092329381102
3621,0.00017188920788180874,-0.003386082338141916
3622,8.625431981453653e-05,0.108181821095804
3623,0.132229000846413,0.14025196342941387
3624,0.0013798650754154131,0.015245814578852643
3625,0.004970826308113244,0.020658327173875474
3626,0.01403435866524886,0.003774293203489973
3627,0.00584277534227936,-0.0012190394080152517
3628,0.000745476595081559,0.017329116503056116
3629,0.0029073832816384174,0.03586021251616121
3630,0.0006009965871528987,0.033357717749802576
3631,2.507064864823619e-05,0.006352600855075816
3632,0.21901641481736098,0.09949199585903425
3633,0.0069699850580365085,0.005507793313518666
3634,0.14073614618001154,0.19244717887273627
3635,0.07318631065803498,0.07995896355038624
3636,0.006149213521703798,0.011590716999828887
3637,3.713757338158406e-05,0.0019322694325507456
3638,0.003277581433377859,0.0012193923827302638
3639,0.005217958757512124,0.04230126632510936
3640,0.0006027355594084338,-0.016161240960573572
3641,0.012748500250306884,0.069729383572894
3642,0.2586971591929888,0.2821367274420784
3643,0.0012369920330879355,-0.004062632503763125
3644,0.004579089013161143,0.0014838989178500989
3645,0.00022285170375441733,0.006347477929331366
3646,0.00842168153718457,0.0029598271621312927
3647,0.002594385233154897,0.01310141412170314
3648,0.00025356375845254957,0.008085108701272312
3649,0.45050888076518036,0.41249298373106646
3650,2.5277516517537358e-05,0.01289822055590284
3651,0.03361713272309451,0.017418824426081086
3652,0.004672588602642713,0.0011719063637171817
3653,0.0005831526652004061,-0.02108835623825038
3654,4.366835272362397e-06,-0.008640311231016648
3655,0.006601691731299531,0.011739436751099022
3656,0.007369512055322001,-0.006392811961274503
3657,0.2703105983301892,0.24712734233146832
3658,5.3348610932875115e-06,0.00822363842831346
3659,0.0005244445841008212,0.004883040789707832
3660,0.0751534606549964,0.06232985477003691
3661,0.47945809578427406,0.4019704330518027
3662,0.06504822870147929,0.06716558609793187
3663,0.0002592992580184723,-0.003243719854934504
3664,0.026364133670083775,0.014590984342763721
3665,0.38778643381002753,0.3618068362668561
3666,0.049110595956854325,0.038232827345772644
3667,0.00014758971246711875,-0.002485790826801282
3668,9.693314115430975e-05,-0.0055892371348984365
3669,7.3010364468620385e-06,-0.0037298828136555495
3670,0.029080067597515354,0.012449082597685221
3671,0.01521672737876043,0.02968265966882612
3672,0.004974310111927509,-0.0009576617593248099
3673,0.0014280779726306792,0.0035368850739526253
3674,0.05429491335273531,0.05302851720016487
3675,0.055633218528448866,0.0010791995632700585
3676,0.00047480208583875833,0.0015604997667939824
3677,0.0008418748852535602,0.0067548268124924815
3678,0.06649712346863806,0.1074234505278107
3679,0.001447138630591514,-0.0008886442736134453
3680,3.9683199354733926e-05,-0.014067274485212763
3681,0.022053755265600165,0.013423697665206347
3682,0.042821578564769994,0.01242301598083674
3683,0.03621126035370773,0.09525413233409434
3684,0.0070237720827143885,0.011904122007354051
3685,1.4224733767914484e-05,4.38372705589829e-06
3686,1.0878175514387996e-05,0.00029557930845421077
3687,0.006314358878406175,0.011983086332999174
3688,0.003960857044392369,0.0062198160931735
3689,0.014480270801817425,0.057653221551896075
3690,0.002076246017555525,0.0014055826261261256
3691,0.010120734153247631,0.028598687373226822
3692,0.3846358993031794,0.3603799636521776
3693,0.00015116492141123905,0.0011697201092060877
3694,0.0002467773066922365,0.00278353484857001
3695,3.1530358089159966e-05,0.00930418008729314
3696,0.006270310980701421,-0.003655842145834254
3697,0.4199361332753167,0.4042556587405698
3698,0.024450572860151162,0.010545543611378924
3699,0.04266765584167694,0.035315331528905175
3700,0.00014614274030967097,-0.001609608347296343
3701,0.038432104323518596,0.03886025014020367
3702,0.0009958570975072982,0.013931731754685206
3703,0.0008016420832590602,0.006357730600872316
3704,0.0017335177267905517,0.04024082077565319
3705,0.00022201465059316306,0.013028719531806093
3706,0.013922010455649166,0.026565238384279946
3707,0.0533890561863102,0.04486147798385366
3708,0.0005842895768193279,-0.013735473407099782
3709,0.18364356574245533,0.2025545274445651
3710,0.24858461737960363,0.17759769879817555
3711,0.018915106251885173,0.037010137152409965
3712,0.0026034805950392497,0.02794806218456118
3713,0.04709030518189105,0.08500327584903618
3714,0.013343198155457271,0.03321925932191597
3715,0.29478060780876747,0.2432418252719914
3716,0.002217548284095676,-0.0025375613920002177
3717,0.035021713924848326,0.018319386076510596
3718,0.007027436215201127,0.020795950152821777
3719,0.02261986287313909,0.030058215412596304
3720,0.02259027249587157,0.02280636493650659
3721,2.1392936364678778e-05,-0.007556203492867911
3722,0.002051774947956665,0.0260527330354485
3723,0.0018310343856101849,0.006549969401533157
3724,0.011267287358977526,-0.00018008164356900225
3725,0.019229002634948082,0.03648442051851715
3726,0.004410997460945958,0.011263358344696356
3727,0.0003045611344124179,-0.0003085329096848416
3728,0.0012099736831244362,0.0021882135812349574
3729,9.051031085703014e-05,0.04737108093707293
3730,0.03436577975266883,0.06419208777440778
3731,0.007105575400089477,0.008801567863658058
3732,0.006011215833233098,-0.0012202875418262649
3733,0.009285634966209697,0.041757409766207745
3734,0.1571365222887664,0.09866797508215071
3735,1.0415773092771127e-07,0.004912248514965037
3736,0.005101662204754205,0.01496849350238201
3737,0.00078536576617687,-0.010815209875748757
3738,0.00014063065252795516,0.00022419653336332168
3739,0.0019503295918777588,0.00473632843628892
3740,0.2212539593867384,0.16509149994266645
3741,0.0028407077200531825,-0.008355151028179672
3742,0.00032626323518689863,-0.008364852851313831
3743,0.028507548671486603,0.0476876789502748
3744,0.007397508977852178,0.03794039612744103
3745,0.026333920345487073,0.015291440535633513
3746,0.002546531063161172,0.0012733258154978833
3747,1.9373613684469394e-06,-0.00720798825224539
3748,0.0031098426801480406,0.0055826887550793625
3749,0.5540968269245331,0.4834606467024305
3750,2.0613304374743357e-05,-0.008023399471911996
3751,0.05933391871963382,0.0907919567344996
3752,0.011400591952387325,0.02758550973094004
3753,0.001232797943860381,0.0015674823136965083
3754,0.01226359500243409,0.025187215634295393
3755,0.00500276343971015,0.006742038535576533
3756,0.006864006669273416,0.037034921538341745
3757,0.012610846054869411,0.01077592586530779
3758,0.028657100905859424,0.06124668372447639
3759,0.0005753754397361724,-0.0006022839822080878
3760,0.005721969676580887,0.006658892518688522
3761,0.005048187446470172,-0.00929784229199597
3762,0.026444068628002176,0.024114469974507488
3763,0.04838219309555342,0.053741222183225607
3764,0.04376267089222848,0.05077919795443447
3765,0.1839277760003432,0.22778578172120034
3766,0.04808187595784519,0.04268808768062253
3767,0.00020900024206656475,0.007501753661940128
3768,0.051046486640199125,0.044659195959337775
3769,0.00825285019624118,0.03231605879984724
3770,0.05788732272945123,0.05237576096126574
3771,0.13493718257105167,0.1291491151088104
3772,0.002917639199153411,-0.012003916866988623
3773,3.732644974342518e-05,-0.008736002994685105
3774,0.0002806114738650066,0.005765026077529947
3775,0.0001632264693722425,-0.01623209004497085
3776,0.00010017085423435189,-0.01341008097122924
3777,5.9633644205585255e-05,0.005863552294683563
3778,0.014378077867583711,0.07586757022462691
3779,0.00608506911016617,0.010057599020685717
3780,0.02572500466879963,0.043119146846978165
3781,0.00027612531560638613,0.0035064047225258493
3782,0.00032055523987950676,0.024122473805196984
3783,0.09953834679714282,0.0707175432821562
3784,0.01767730660001792,0.023862603111341987
3785,0.012878132094607591,0.019072568118669128
3786,0.0003415824867917888,0.00474529061305036
3787,0.002005974567132537,-0.003510503537272322
3788,0.06352645867849031,0.05610056436587993
3789,0.0001945385167176248,0.10816906085818144
3790,0.2928535830094207,0.3667143070105823
3791,0.019524925157393506,0.0014113055658323687
3792,0.011518496711540045,0.044554842475777415
3793,0.0010438647812447534,0.00444100198333168
3794,0.0384748312585511,0.06118399573272702
3795,0.0644953487121703,0.0506870837267082
3796,0.003508342369250863,0.05556107455266971
3797,0.0012154725357742273,0.01149472398165173
3798,0.20589694795046729,0.19882942969340023
3799,0.0001578033740661241,0.005495559082054388
3800,0.0018092636965218243,0.007008719757368262
3801,5.093692173748339e-05,-0.005812330411249081
3802,0.0029801625138292077,-0.0020873265499708055
3803,0.009990727589274303,0.05222482692777772
3804,0.0008355773061787132,-0.012396083204713068
3805,0.126173906483804,0.1260534721076867
3806,0.009920534377782224,0.0009962447465623053
3807,0.14779943023256137,0.06592046802286682
3808,0.10952814999517176,0.08210305447973194
3809,0.16236829990266738,0.20065899637127926
3810,0.011611067635931572,0.022418840759436537
3811,0.8105308960202054,0.9087825444756398
3812,0.017186716380452657,0.05099655969098839
3813,0.011571587168467411,0.02892329622822283
3814,0.00011683995142959702,0.001210025098645276
3815,4.683809788659481e-05,0.07376273812627727
3816,0.12893440592667796,0.13326339640398288
3817,0.0011734145953007247,0.005089971015834471
3818,0.004314633706196323,0.028615036311199826
3819,0.013036707035505135,-0.04735557770873501
3820,0.006306925973170919,0.034932408771603154
3821,0.0010791092482302636,0.010793491085104856
3822,0.003526879688036844,0.03320847935584218
3823,0.0002737142468078034,0.004350247389554043
3824,2.8074541064276474e-05,0.00040264457534684717
3825,0.20319955334087805,0.09231977365920692
3826,0.006417956666747304,0.0099852648717631
3827,0.1291280444544247,0.1792687573120718
3828,0.07786589478616261,0.07675576134090172
3829,0.006154160221193607,-0.013908640431869637
3830,1.1891214570452618e-05,-0.0017626605112380928
3831,0.0029387841835934398,0.0075517554206570164
3832,0.005414978585733704,0.0034586522166639294
3833,0.000556245986662521,-0.02532938198270547
3834,0.013771298148176556,0.08412762089695952
3835,0.2683473246414232,0.27507691858278266
3836,0.0012120065166684854,-0.008430725864566349
3837,0.004472433840412445,-0.009539826009393057
3838,0.00017001381726127973,-0.011287572104726654
3839,0.009157191319664113,0.00011885595072470834
3840,0.002583564409878849,0.007663090342193424
3841,0.000470293937959909,-0.00019836674936210552
3842,0.4822678240586044,0.38011647590281306
3843,2.0315513906439113e-05,0.007699077634890666
3844,0.03465979145294264,0.010019938642714707
3845,0.003894242281694413,0.010264201720875915
3846,0.0006039325116518679,-0.007930361995044474
3847,1.0298173430982461e-05,-0.019351911983562578
3848,0.007555801845000577,-0.010862450593614237
3849,0.006833386777967905,-0.012421519615996648
3850,0.3034137061714554,0.26113343340154366
3851,0.00011444742560230451,-0.006804550162529663
3852,0.0006228630241487771,0.01863353623598768
3853,0.07345116674133838,0.05890934506017331
3854,0.4561790020881785,0.29009765439180124
3855,0.052136634402052406,0.043454710023667145
3856,0.00022849579819048558,-0.006400493203826102
3857,0.025340380636860206,0.0023774481201511155
3858,0.3784734914578744,0.32879795753579055
3859,0.05202138776749419,0.041222357412624006
3860,8.940958905196482e-05,-0.02437348329927952
3861,9.25445919936335e-05,-0.014253570136358154
3862,1.4158144510418676e-06,-0.013722192640497163
3863,0.030098495902793523,0.010840391493573895
3864,0.01702936086394963,0.031579737843677416
3865,0.004784211016908896,0.007133431773319057
3866,0.0012685019180823998,-0.0010217522313657051
3867,0.059894689535956065,0.041736414150460546
3868,0.05824295003493633,0.005877090515981051
3869,0.0003754184462220071,0.003165383320953688
3870,0.0010429654126706876,-0.00901920438100258
3871,0.0656039834028021,0.1007004716452121
3872,0.0015660345770460284,-0.009776607957161926
3873,2.97790468304244e-05,-0.02216736221238294
3874,0.02152326746511617,0.002260477606008407
3875,0.04664823364623488,0.013951014138708848
3876,0.034734988233632004,0.11222378408517862
3877,0.006632325409200798,0.00869269811119873
3878,1.564427059981016e-05,-0.013215546855446722
3879,5.7129584818636185e-06,0.00880001987983016
3880,0.006862552872751069,0.005030337898721773
3881,0.0037202672308078778,-0.0043954766908722576
3882,0.014540680493498047,0.03295109409959951
3883,0.0016191774230372628,-0.013530745837766894
3884,0.009136017590171935,0.02409405303747779
3885,0.3788954930878274,0.3969687149826666
3886,0.00010864471638207698,-0.0008521891079306121
3887,0.0005256265778878611,-0.009274594144696849
3888,3.0285635291435485e-05,-0.041801768644776985
3889,0.0062404289480007084,-0.036065794273153165
3890,0.4285874471776458,0.4274675412061869
3891,0.021262473395452976,-0.038059290426003214
3892,0.04761577507511816,0.027343014787364603
3893,0.00011415666629783525,-0.010004748947860784
3894,0.04203218318345291,0.036799348180770956
3895,0.001097968966557972,0.006968931292728395
3896,0.0008222314678901689,-0.029079360159711548
3897,0.0023346455623350377,0.016938507188940036
3898,0.0002550997920185735,0.029057839138363475
3899,0.01794324176017107,0.02445924087787621
3900,0.058148904082664994,0.04327980466998692
3901,0.0006213515996561754,-0.017374162406257984
3902,0.2048977267167969,0.1032497118734015
3903,0.2764810796749012,0.12687350006261283
3904,0.018078053504228784,0.10652113465457101
3905,0.0008295895119104772,0.03275061184746343
3906,0.046257231797233324,0.06536694973578659
3907,0.01329518633574109,0.03459839532453361
3908,0.3173781493561837,0.24906960888375962
3909,0.0023118485301257077,-0.019897993377686093
3910,0.03985190627165063,-0.00681187237075985
3911,0.0068308882332192575,0.020344917920016123
3912,0.022225744839899062,0.01268898974105788
3913,0.02512332157811112,0.01769508107466837
3914,2.2238606148279806e-05,-0.009094884948213658
3915,0.0018407453189949901,0.005970490438003309
3916,0.0016108462521555998,0.003707437027530236
3917,0.011740250588674504,-0.0010900745679586626
3918,0.020923647745281305,0.04340182468138372
3919,0.00500688866489191,-0.040688571034400864
3920,0.0005466339721022561,-0.03497224331708991
3921,0.0013104752088579678,-0.0548378039390227
3922,8.642561826679025e-05,0.04379315581772416
3923,0.042629174833472026,0.0630891811125094
3924,0.007361191706918006,0.006130391121253839
3925,0.005485838930594358,-0.03942001682449704
3926,0.00771466471895046,0.024112439535863728
3927,0.16954737412631313,0.08785015665433707
3928,5.320936631575138e-06,-0.010447826107171987
3929,0.003879900568661518,0.024655178725230056
3930,0.0007415472774254759,-0.011588203120481477
3931,0.00013492362228226612,-0.015863976930198573
3932,0.001778999568319766,-0.0012053113992349235
3933,0.21967806622186706,0.1414186238595047
3934,0.0018465271415226497,-0.015304919494682698
3935,0.00030733024110275346,-0.011369740966940572
3936,0.02888331026607695,0.04355354770019365
3937,0.0046800167515024345,-0.01774897414867417
3938,0.02922093986013392,0.015738523678121105
3939,0.0015996656676633301,-0.02143724636935304
3940,0.003174636647144657,-0.00817015894132693
3941,0.5794187417950394,0.4913336689673933
3942,2.3791735093039746e-05,-0.013430095304100692
3943,0.06349345529157772,0.06573082301645773
3944,0.012008287308551534,0.029267089181882235
3945,0.0004941439903529916,0.02208292622560061
3946,0.011111197727696706,0.05706786730519171
3947,0.004905083892261674,0.0014029704746685578
3948,0.006812189680195924,0.032803288530952504
3949,0.00922259761831118,0.002893114728480875
3950,0.02545683352961399,0.10179092162524685
3951,0.0006088147588065244,0.012783774716681087
3952,0.005066590621679459,0.0011692206486964979
3953,0.005165851009130162,-0.02157693725122424
3954,0.030827910079826024,0.05146789757113218
3955,0.05130332988511684,0.04274619383506939
3956,0.03984897351806868,0.03582020691699771
3957,0.21301125288512274,0.2501637520092732
3958,0.052387162627851654,0.036917770441925374
3959,0.00020685980414264924,-8.295856723396222e-05
3960,0.05548257060437844,0.03413886822846471
3961,0.007147009152440182,0.02916690707670523
3962,0.061579105267971126,0.05196231506110492
3963,0.156439609528695,0.12608744291665624
3964,0.0027885198026169054,-0.03481310655067017
3965,7.895583388788915e-05,-0.0140652290681781
3966,0.000212523268745753,0.006206591176364323
3967,0.00015796412577262544,-0.022505660778290956
3968,6.228177351817224e-05,-0.019999240889266204
3969,7.612682443899882e-05,-0.039360483740366534
3970,0.015804898709480486,0.07295959004286968
3971,0.005573785692903757,0.022781064692026926
3972,0.030287946889945697,0.03998123913656017
3973,5.381287454491889e-05,-0.002913194182649126
3974,0.0003895580477611355,-0.017569658562775217
3975,0.09037178521087501,0.06567467110482536
3976,0.020670478283467346,0.007988889856198736
3977,0.0135328970945341,0.013578260250840718
3978,0.00037226172939202457,-0.003188707801982202
3979,0.0017350052315395193,0.026060713124022764
3980,0.06563965098041132,0.046355614666638026
3981,0.00017000071999531265,0.10786466655756476
3982,0.31018993220689833,0.358005482495352
3983,0.020431177034055076,0.013813216272486592
3984,0.01004123802267211,0.08007047630713317
3985,0.0010410845763448354,0.016259547492570817
3986,0.0427657040426959,0.05649016650942708
3987,0.06433395241338453,0.04872312690357515
3988,0.004510368968358445,-0.02462163629402625
3989,0.0012147907196811726,-0.020902760346578994
3990,0.19711355460056015,0.1613966414118916
3991,0.00010836340089569975,-0.008697095599717444
3992,0.00198960470799815,-0.03449234216451104
3993,4.493692633200429e-05,-0.0183840296763043
3994,0.0027808823732336256,-0.01689561328086188
3995,0.011959606770008263,0.043981512889823736
3996,0.0006802746137835781,-0.005112645184182071
3997,0.13293520983906884,0.11841690141315167
3998,0.010295921804163784,-0.009533256004476881
3999,0.1487093167383948,0.0658653296193322
4000,0.11143683117740291,0.05722164498739171
4001,0.15231719839792845,0.20058804264672347
4002,0.012694882662890828,0.005092502249317635
4003,0.8570836977476979,0.896332478558852
4004,0.01530475155280499,0.06584359692815998
4005,0.011826783742388184,0.037526676088765046
4006,0.0001331259191288156,-0.0258450664897016
4007,6.404411405351167e-05,0.07376273812627727
4008,0.12641090268333904,0.10842292848723294
4009,0.001587409590836226,0.0207456263269704
4010,0.004952395835444362,0.019409608290668248
4011,0.01256805432283686,0.00996470990709046
4012,0.006868431132516032,0.022522910030661383
4013,0.0010692681693815324,0.017529481033462024
4014,0.00382288527472169,0.04008199172420102
4015,0.0003247326473261979,0.08989930808312817
4016,2.4481271679717373e-05,-0.015589128128240287
4017,0.2344027445524324,0.10412972270030225
4018,0.007105487234809627,-0.0023838567977296915
4019,0.2046680121835417,0.17666863149097473
4020,0.08621959765273118,0.06479833351713472
4021,0.007148198590988931,-0.013980253702561549
4022,3.3790808329121255e-05,-0.007283418116952031
4023,0.0022122696033800896,0.020138261465919377
4024,0.007714779354494161,0.1008991725522045
4025,0.0006403561461722882,-0.022419743094880637
4026,0.016804811409860978,0.08509650347822295
4027,0.30560898972380396,0.2254245001156358
4028,0.0014919157702787198,-0.018315097659726123
4029,0.005521735848223967,-0.0037173518134717976
4030,0.00023256980616901548,-0.007775200219846651
4031,0.013767312029745965,0.0061814952200304335
4032,0.0029155931994104163,-0.002790483579443323
4033,0.0008197483641287671,-0.018073931115287836
4034,0.5757636140922506,0.40817054530698754
4035,7.764686555394718e-05,-0.013095911770922022
4036,0.045128939971575376,0.016566655451456233
4037,0.005588837967081855,0.020707782624815804
4038,0.0005431687801922596,0.0318502458391456
4039,1.0636358624848345e-05,-0.016508924803474725
4040,0.009171962554087748,-0.003967718622506861
4041,0.008552591881442606,-0.0004919067412434835
4042,0.35142492375806783,0.26049369396922584
4043,9.89674912238919e-05,-0.007582881530135491
4044,0.0009579709119762269,0.01094325555139404
4045,0.07735154116295857,0.042751868343606295
4046,0.059170041385076005,0.0504413573015053
4047,0.0003909637290642976,0.010312167834016894
4048,0.030673106462197213,0.009744129010233984
4049,0.419183648815747,0.3636801405714478
4050,0.061780547353580004,0.05834185464555673
4051,0.00012813551613046238,-0.012013463106917296
4052,0.0001067937969690128,-0.001091437261418804
4053,0.03437350114242026,0.016245113586009052
4054,0.020280094487553475,0.009428717710664114
4055,0.0012730858922379007,-0.0013552438821678725
4056,0.06448359839660849,0.04121197316693
4057,0.07070709609529567,0.03153088834257543
4058,0.001142285771812924,0.021026633161701405
4059,0.07222655831108826,0.062325615283733524
4060,0.0029287740121477753,-0.007751114856267685
4061,3.1374776356066756e-05,-0.020484706029008662
4062,0.026986856070955856,0.01817105674243849
4063,0.047295288561418486,0.019977553574278925
4064,0.04248991849774189,0.10492278887839118
4065,0.007680287359904951,0.00802136139362021
4066,2.0518797260844022e-05,-0.009071433137025284
4067,0.007307884042174525,-0.004073393233160874
4068,0.004165811609934681,0.007437325721319846
4069,0.018135950795632027,0.050866310807934745
4070,0.0019005723891390158,-0.025452839598294905
4071,0.01180284552471525,0.024207505123990086
4072,0.4434656189167124,0.3163977032635863
4073,0.000135982984300067,-0.0025074191976316024
4074,0.0006075208178619551,-0.0040831698177947184
4075,6.35017493765168e-05,-0.0437172710880077
4076,0.00780817161532778,-0.042400324749552395
4077,0.48109655024589243,0.3701564484603431
4078,0.02501418199187442,-0.03152323496596289
4079,0.057005634430446026,0.021518978595560415
4080,0.0001539420243271124,-0.0146623350177459
4081,0.044851236159688036,0.04605053081111751
4082,0.001451896246920547,0.01568292092335434
4083,0.0009154090714278853,-0.011928832608821702
4084,0.0020845636775733475,-0.02502651477491412
4085,0.0002486970212181172,0.0607350130314914
4086,0.01739290939589162,0.028139283716645785
4087,0.06499437219235882,0.040060851035866665
4088,0.0008724020617026202,-0.018590041306591823
4089,0.26882017709582323,0.18357309568779884
4090,0.40257981764053713,0.12893363665549606
4091,0.01867026782308692,0.07425792779492237
4092,0.0012167592387560256,0.055299507183223864
4093,0.05128579050906458,0.06054013575329449
4094,0.015525002759935156,0.03813404300111828
4095,0.3677614286366799,0.23139498546550502
4096,0.0025719731916320214,-0.013608024418685152
4097,0.0466818344752745,0.01469571671279954
4098,0.008182187620096629,0.0029708857237355085
4099,0.02560719951780124,0.0007096826535850226
4100,0.026812984902068335,0.03466283632781182
4101,4.109701474939135e-05,-0.01567171298403293
4102,0.0016345875283081772,0.0019477054965966606
4103,0.002113536691082966,0.0016347726518100986
4104,0.012659628545288291,-0.007186656209715342
4105,0.02113520974363805,0.011363957743358785
4106,0.005616408608071293,0.0190891052518148
4107,0.00107235374737742,-0.05372587563420818
4108,0.0019617260744595496,-0.0029418762670205545
4109,5.798318189479623e-05,0.04107996384008035
4110,0.04108205815418779,0.016791217587926607
4111,0.007657329300257205,0.0038534153702848434
4112,0.006580765678000091,0.006963560706960734
4113,0.0093861369055411,0.06737808652999377
4114,0.23778293058779315,0.0936264597062145
4115,1.5907663511706107e-06,-0.012090998928248026
4116,0.0052673370356665465,0.014626734014810613
4117,0.0007217310450842978,-0.018445484943417842
4118,0.00013978987698584711,-0.025441998972320135
4119,0.001702626101682713,-0.006468393172585227
4120,0.24789654472259615,0.11003381814593076
4121,0.0030438268071696735,-0.03955131887879483
4122,0.0004224594827981129,-0.015390199838181393
4123,0.03391677831572352,0.04021027915217405
4124,0.006136352833719865,-0.02662885912526651
4125,0.03035793144131103,0.02914642484980333
4126,0.0023588659226900944,-0.021069032097920312
4127,0.007849409322286852,0.0163518712342728
4128,0.6592285341057634,0.4697942461399715
4129,2.5247323872834283e-05,-0.015622537284814164
4130,0.06651994676431232,0.23321361830433823
4131,0.014453686867486158,0.03349617761192059
4132,0.00041724470295385,0.01992562447130182
4133,0.013390797204496555,0.05386563306940394
4134,0.00532842661331682,-0.014778500883270582
4135,0.007955250396556226,0.04479546705213619
4136,0.011766388250901188,-0.004278482344024545
4137,0.029873971333510208,0.11777918569658329
4138,0.000803072580434581,0.01903405474156815
4139,0.002455520574610157,-0.009877838668679348
4140,0.008389849390514337,-0.0010569901725583225
4141,0.039595998171522956,0.04010873934496578
4142,0.06900928323885587,0.04039011656260901
4143,0.04489727801273681,0.06596973897320388
4144,0.23844058443099417,0.26121416980361706
4145,0.05953588579880906,0.0336280553802842
4146,0.00033175884798668746,-0.005990443147218569
4147,0.059888626535807996,0.022840854817196762
4148,0.009642169705427382,-0.016895875169961938
4149,0.0833723184828785,0.03207244775607947
4150,0.17584068211379525,0.12403694547500724
4151,0.0036697298446153686,-0.013402615920961175
4152,4.20657299001042e-05,-0.011912734337814687
4153,0.00016511413006299334,-0.013266204199940984
4154,0.00014308184032018448,-0.02381326024362214
4155,0.00011049715232067419,-0.02046772387623122
4156,0.00012528761904538794,-0.02894562648948676
4157,0.020265245220997867,0.08291011408789975
4158,0.007585234503612662,0.017753465081776137
4159,0.03585171737929634,0.005992542082593685
4160,6.511374708514985e-05,-0.027794444710500285
4161,0.0004950579037855791,0.038812208451695654
4162,0.10057324705129693,0.05337814949565854
4163,0.024895145766808097,0.007261182342799086
4164,0.01715554419812121,0.01305209545351381
4165,0.0004928459134296959,-0.010471042442578876
4166,0.0019357486814085185,0.024026083046531768
4167,0.07719313607292073,0.06009607346116941
4168,0.000103637769468818,0.10775671649813913
4169,0.3549389304191175,0.37377539583054464
4170,0.02396083968431099,0.025100425635147722
4171,0.010569249474826622,0.10644582720787817
4172,0.0011817624479632505,0.07031588494197653
4173,0.04858349931426113,0.029893430834337834
4174,0.07169118529933154,0.05087653754520052
4175,0.004947674546795144,0.09847900362733693
4176,0.001748396358795118,-0.0026625824806385118
4177,0.23910596345526042,0.13636920494897536
4178,0.00021486106178789888,-0.018110310356314968
4179,0.0020267267025265313,-0.02959365445991574
4180,4.793682063527568e-05,-0.02466833271457057
4181,0.0030124057767848497,-0.018027718341040277
4182,0.010950643514179619,0.032658469129782104
4183,0.15712605840045446,0.1460036759762485
4184,0.012826604692973928,-0.021959751752785056
4185,0.17853019899363717,0.07495323738958067
4186,0.12472679542640397,0.043246513636434655
4187,0.15866769904390485,0.14977012535282286
4188,0.014427737805889403,0.023143093932236555
4189,1.0,0.9093763558901546
4190,0.01947882064426703,0.053831619936076505
4191,0.011790699740654184,0.05301538323946729
4192,0.00014711242052208666,-0.030547904404004095
4193,0.0020547524390418354,0.07376273812627727
4194,0.1446799825690169,0.13666120308301016
4195,0.0021175030946816295,-0.008791585665057708
4196,0.006637081784736213,0.04299155832744482
4197,0.013123550387623297,0.10818133480997759
